Model,MSE,R^2
Linear Regression,0.6581500050642543,0.49775221629833566
Ridge Regression,0.6581480172481179,0.4977537332416483
Lasso Regression,0.6818352834906809,0.4796774939637697
